{
  "config": "/kaggle/working/RT-DETR_SOD_IMP/rtdetr_pytorch/configs/rtdetr/rtdetr_r18vd_p2_slim.yml",
  "checkpoint": "/kaggle/input/notebooks/movidudinusara/final-training-rt-detrr18-visd-slimp2layer/RT-DETR_SOD_IMP/rtdetr_pytorch/output/rtdetr_r18vd_p2_slim/checkpoint0101.pth",
  "epoch": "unknown",
  "overall_metrics": {
    "AP@0.5:0.95": 0.2544343726046601,
    "AP@0.5": 0.42878555190016643,
    "AP@0.75": 0.2545047670990594,
    "AP_small": 0.17177392120484727,
    "AP_medium": 0.3550130404266742,
    "AP_large": 0.46214919095848506,
    "AR@1": 0.10745554052951256,
    "AR@10": 0.30469976755554073,
    "AR@100": 0.40944831455892733,
    "AR_small": 0.3210730654052066,
    "AR_medium": 0.5299279127494556,
    "AR_large": 0.696737385542283
  },
  "per_class_metrics": {
    "1": {
      "name": "pedestrian",
      "ap_50_95": 0.2544343726046601,
      "ap_50": 0.42878555190016643,
      "ap_75": 0.2545047670990594,
      "ap_small": 0.17177392120484727,
      "ap_medium": 0.3550130404266742,
      "ap_large": 0.46214919095848506,
      "ar_1": 0.10745554052951256,
      "ar_10": 0.30469976755554073,
      "ar_100": 0.40944831455892733,
      "ar_small": 0.3210730654052066,
      "ar_medium": 0.5299279127494556,
      "ar_large": 0.696737385542283
    },
    "2": {
      "name": "people",
      "ap_50_95": 0.2544343726046601,
      "ap_50": 0.42878555190016643,
      "ap_75": 0.2545047670990594,
      "ap_small": 0.17177392120484727,
      "ap_medium": 0.3550130404266742,
      "ap_large": 0.46214919095848506,
      "ar_1": 0.10745554052951256,
      "ar_10": 0.30469976755554073,
      "ar_100": 0.40944831455892733,
      "ar_small": 0.3210730654052066,
      "ar_medium": 0.5299279127494556,
      "ar_large": 0.696737385542283
    },
    "3": {
      "name": "bicycle",
      "ap_50_95": 0.2544343726046601,
      "ap_50": 0.42878555190016643,
      "ap_75": 0.2545047670990594,
      "ap_small": 0.17177392120484727,
      "ap_medium": 0.3550130404266742,
      "ap_large": 0.46214919095848506,
      "ar_1": 0.10745554052951256,
      "ar_10": 0.30469976755554073,
      "ar_100": 0.40944831455892733,
      "ar_small": 0.3210730654052066,
      "ar_medium": 0.5299279127494556,
      "ar_large": 0.696737385542283
    },
    "4": {
      "name": "car",
      "ap_50_95": 0.2544343726046601,
      "ap_50": 0.42878555190016643,
      "ap_75": 0.2545047670990594,
      "ap_small": 0.17177392120484727,
      "ap_medium": 0.3550130404266742,
      "ap_large": 0.46214919095848506,
      "ar_1": 0.10745554052951256,
      "ar_10": 0.30469976755554073,
      "ar_100": 0.40944831455892733,
      "ar_small": 0.3210730654052066,
      "ar_medium": 0.5299279127494556,
      "ar_large": 0.696737385542283
    },
    "5": {
      "name": "van",
      "ap_50_95": 0.2544343726046601,
      "ap_50": 0.42878555190016643,
      "ap_75": 0.2545047670990594,
      "ap_small": 0.17177392120484727,
      "ap_medium": 0.3550130404266742,
      "ap_large": 0.46214919095848506,
      "ar_1": 0.10745554052951256,
      "ar_10": 0.30469976755554073,
      "ar_100": 0.40944831455892733,
      "ar_small": 0.3210730654052066,
      "ar_medium": 0.5299279127494556,
      "ar_large": 0.696737385542283
    },
    "6": {
      "name": "truck",
      "ap_50_95": 0.2544343726046601,
      "ap_50": 0.42878555190016643,
      "ap_75": 0.2545047670990594,
      "ap_small": 0.17177392120484727,
      "ap_medium": 0.3550130404266742,
      "ap_large": 0.46214919095848506,
      "ar_1": 0.10745554052951256,
      "ar_10": 0.30469976755554073,
      "ar_100": 0.40944831455892733,
      "ar_small": 0.3210730654052066,
      "ar_medium": 0.5299279127494556,
      "ar_large": 0.696737385542283
    },
    "7": {
      "name": "tricycle",
      "ap_50_95": 0.2544343726046601,
      "ap_50": 0.42878555190016643,
      "ap_75": 0.2545047670990594,
      "ap_small": 0.17177392120484727,
      "ap_medium": 0.3550130404266742,
      "ap_large": 0.46214919095848506,
      "ar_1": 0.10745554052951256,
      "ar_10": 0.30469976755554073,
      "ar_100": 0.40944831455892733,
      "ar_small": 0.3210730654052066,
      "ar_medium": 0.5299279127494556,
      "ar_large": 0.696737385542283
    },
    "8": {
      "name": "awning-tricycle",
      "ap_50_95": 0.2544343726046601,
      "ap_50": 0.42878555190016643,
      "ap_75": 0.2545047670990594,
      "ap_small": 0.17177392120484727,
      "ap_medium": 0.3550130404266742,
      "ap_large": 0.46214919095848506,
      "ar_1": 0.10745554052951256,
      "ar_10": 0.30469976755554073,
      "ar_100": 0.40944831455892733,
      "ar_small": 0.3210730654052066,
      "ar_medium": 0.5299279127494556,
      "ar_large": 0.696737385542283
    },
    "9": {
      "name": "bus",
      "ap_50_95": 0.2544343726046601,
      "ap_50": 0.42878555190016643,
      "ap_75": 0.2545047670990594,
      "ap_small": 0.17177392120484727,
      "ap_medium": 0.3550130404266742,
      "ap_large": 0.46214919095848506,
      "ar_1": 0.10745554052951256,
      "ar_10": 0.30469976755554073,
      "ar_100": 0.40944831455892733,
      "ar_small": 0.3210730654052066,
      "ar_medium": 0.5299279127494556,
      "ar_large": 0.696737385542283
    },
    "10": {
      "name": "motor",
      "ap_50_95": 0.2544343726046601,
      "ap_50": 0.42878555190016643,
      "ap_75": 0.2545047670990594,
      "ap_small": 0.17177392120484727,
      "ap_medium": 0.3550130404266742,
      "ap_large": 0.46214919095848506,
      "ar_1": 0.10745554052951256,
      "ar_10": 0.30469976755554073,
      "ar_100": 0.40944831455892733,
      "ar_small": 0.3210730654052066,
      "ar_medium": 0.5299279127494556,
      "ar_large": 0.696737385542283
    }
  },
  "size_distribution": {
    "counts": {
      "small": 26575,
      "medium": 11116,
      "large": 1068
    },
    "percentages": {
      "small": 68.56472045202405,
      "medium": 28.679790500270908,
      "large": 2.755489047705049
    },
    "avg_areas": {
      "small": 363.68733772342426,
      "medium": 2725.917956099316,
      "large": 17455.64138576779
    }
  },
  "recommendations": [
    "\u26a0  Small object AP is significantly lower than overall AP",
    "\u2713 Strong performance on large objects",
    "\u26a0  Large gap between recall and precision"
  ]
}