{
  "config": "/kaggle/working/RT-DETR_SOD_IMP/rtdetr_pytorch/configs/rtdetr/rtdetr_r18vd_p2_gnconv_repvgg.yml",
  "checkpoint": "/kaggle/working/RT-DETR_SOD_IMP/rtdetr_pytorch/output/rtdetr_r18vd_p2_gnconv_repvgg/checkpoint0101.pth",
  "epoch": "unknown",
  "overall_metrics": {
    "AP@0.5:0.95": 0.25621603528375736,
    "AP@0.5": 0.43378385494212096,
    "AP@0.75": 0.25413900902736436,
    "AP_small": 0.17425508958310706,
    "AP_medium": 0.3543163084581648,
    "AP_large": 0.4730377162621821,
    "AR@1": 0.10844451251614043,
    "AR@10": 0.30950289409378984,
    "AR@100": 0.4132408785043236,
    "AR_small": 0.32548293314142684,
    "AR_medium": 0.5367518594556738,
    "AR_large": 0.6728597280937286
  },
  "per_class_metrics": {
    "1": {
      "name": "pedestrian",
      "ap_50_95": 0.25621603528375736,
      "ap_50": 0.43378385494212096,
      "ap_75": 0.25413900902736436,
      "ap_small": 0.17425508958310706,
      "ap_medium": 0.3543163084581648,
      "ap_large": 0.4730377162621821,
      "ar_1": 0.10844451251614043,
      "ar_10": 0.30950289409378984,
      "ar_100": 0.4132408785043236,
      "ar_small": 0.32548293314142684,
      "ar_medium": 0.5367518594556738,
      "ar_large": 0.6728597280937286
    },
    "2": {
      "name": "people",
      "ap_50_95": 0.25621603528375736,
      "ap_50": 0.43378385494212096,
      "ap_75": 0.25413900902736436,
      "ap_small": 0.17425508958310706,
      "ap_medium": 0.3543163084581648,
      "ap_large": 0.4730377162621821,
      "ar_1": 0.10844451251614043,
      "ar_10": 0.30950289409378984,
      "ar_100": 0.4132408785043236,
      "ar_small": 0.32548293314142684,
      "ar_medium": 0.5367518594556738,
      "ar_large": 0.6728597280937286
    },
    "3": {
      "name": "bicycle",
      "ap_50_95": 0.25621603528375736,
      "ap_50": 0.43378385494212096,
      "ap_75": 0.25413900902736436,
      "ap_small": 0.17425508958310706,
      "ap_medium": 0.3543163084581648,
      "ap_large": 0.4730377162621821,
      "ar_1": 0.10844451251614043,
      "ar_10": 0.30950289409378984,
      "ar_100": 0.4132408785043236,
      "ar_small": 0.32548293314142684,
      "ar_medium": 0.5367518594556738,
      "ar_large": 0.6728597280937286
    },
    "4": {
      "name": "car",
      "ap_50_95": 0.25621603528375736,
      "ap_50": 0.43378385494212096,
      "ap_75": 0.25413900902736436,
      "ap_small": 0.17425508958310706,
      "ap_medium": 0.3543163084581648,
      "ap_large": 0.4730377162621821,
      "ar_1": 0.10844451251614043,
      "ar_10": 0.30950289409378984,
      "ar_100": 0.4132408785043236,
      "ar_small": 0.32548293314142684,
      "ar_medium": 0.5367518594556738,
      "ar_large": 0.6728597280937286
    },
    "5": {
      "name": "van",
      "ap_50_95": 0.25621603528375736,
      "ap_50": 0.43378385494212096,
      "ap_75": 0.25413900902736436,
      "ap_small": 0.17425508958310706,
      "ap_medium": 0.3543163084581648,
      "ap_large": 0.4730377162621821,
      "ar_1": 0.10844451251614043,
      "ar_10": 0.30950289409378984,
      "ar_100": 0.4132408785043236,
      "ar_small": 0.32548293314142684,
      "ar_medium": 0.5367518594556738,
      "ar_large": 0.6728597280937286
    },
    "6": {
      "name": "truck",
      "ap_50_95": 0.25621603528375736,
      "ap_50": 0.43378385494212096,
      "ap_75": 0.25413900902736436,
      "ap_small": 0.17425508958310706,
      "ap_medium": 0.3543163084581648,
      "ap_large": 0.4730377162621821,
      "ar_1": 0.10844451251614043,
      "ar_10": 0.30950289409378984,
      "ar_100": 0.4132408785043236,
      "ar_small": 0.32548293314142684,
      "ar_medium": 0.5367518594556738,
      "ar_large": 0.6728597280937286
    },
    "7": {
      "name": "tricycle",
      "ap_50_95": 0.25621603528375736,
      "ap_50": 0.43378385494212096,
      "ap_75": 0.25413900902736436,
      "ap_small": 0.17425508958310706,
      "ap_medium": 0.3543163084581648,
      "ap_large": 0.4730377162621821,
      "ar_1": 0.10844451251614043,
      "ar_10": 0.30950289409378984,
      "ar_100": 0.4132408785043236,
      "ar_small": 0.32548293314142684,
      "ar_medium": 0.5367518594556738,
      "ar_large": 0.6728597280937286
    },
    "8": {
      "name": "awning-tricycle",
      "ap_50_95": 0.25621603528375736,
      "ap_50": 0.43378385494212096,
      "ap_75": 0.25413900902736436,
      "ap_small": 0.17425508958310706,
      "ap_medium": 0.3543163084581648,
      "ap_large": 0.4730377162621821,
      "ar_1": 0.10844451251614043,
      "ar_10": 0.30950289409378984,
      "ar_100": 0.4132408785043236,
      "ar_small": 0.32548293314142684,
      "ar_medium": 0.5367518594556738,
      "ar_large": 0.6728597280937286
    },
    "9": {
      "name": "bus",
      "ap_50_95": 0.25621603528375736,
      "ap_50": 0.43378385494212096,
      "ap_75": 0.25413900902736436,
      "ap_small": 0.17425508958310706,
      "ap_medium": 0.3543163084581648,
      "ap_large": 0.4730377162621821,
      "ar_1": 0.10844451251614043,
      "ar_10": 0.30950289409378984,
      "ar_100": 0.4132408785043236,
      "ar_small": 0.32548293314142684,
      "ar_medium": 0.5367518594556738,
      "ar_large": 0.6728597280937286
    },
    "10": {
      "name": "motor",
      "ap_50_95": 0.25621603528375736,
      "ap_50": 0.43378385494212096,
      "ap_75": 0.25413900902736436,
      "ap_small": 0.17425508958310706,
      "ap_medium": 0.3543163084581648,
      "ap_large": 0.4730377162621821,
      "ar_1": 0.10844451251614043,
      "ar_10": 0.30950289409378984,
      "ar_100": 0.4132408785043236,
      "ar_small": 0.32548293314142684,
      "ar_medium": 0.5367518594556738,
      "ar_large": 0.6728597280937286
    }
  },
  "size_distribution": {
    "counts": {
      "small": 26575,
      "medium": 11116,
      "large": 1068
    },
    "percentages": {
      "small": 68.56472045202405,
      "medium": 28.679790500270908,
      "large": 2.755489047705049
    },
    "avg_areas": {
      "small": 363.68733772342426,
      "medium": 2725.917956099316,
      "large": 17455.64138576779
    }
  },
  "recommendations": [
    "\u26a0  Small object AP is significantly lower than overall AP",
    "\u2713 Strong performance on large objects",
    "\u26a0  Large gap between recall and precision"
  ]
}