{
  "config": "/kaggle/working/RT-DETR_SOD_IMP/rtdetr_pytorch/configs/rtdetr/rtdetr_visdrone_r18vd.yml",
  "checkpoint": "/kaggle/working/RT-DETR_SOD_IMP/rtdetr_pytorch/output/rtdetr_visdrone_r18vd/checkpoint0101.pth",
  "epoch": "unknown",
  "overall_metrics": {
    "AP@0.5:0.95": 0.25224693939696263,
    "AP@0.5": 0.4294888624942396,
    "AP@0.75": 0.2493437509305837,
    "AP_small": 0.16438980750275747,
    "AP_medium": 0.35582943705913794,
    "AP_large": 0.4805458470589834,
    "AR@1": 0.10613020231927242,
    "AR@10": 0.306517424074577,
    "AR@100": 0.4085364663881683,
    "AR_small": 0.31530268773263503,
    "AR_medium": 0.5366226481061507,
    "AR_large": 0.6759637194915746
  },
  "per_class_metrics": {
    "1": {
      "name": "pedestrian",
      "ap_50_95": 0.25224693939696263,
      "ap_50": 0.4294888624942396,
      "ap_75": 0.2493437509305837,
      "ap_small": 0.16438980750275747,
      "ap_medium": 0.35582943705913794,
      "ap_large": 0.4805458470589834,
      "ar_1": 0.10613020231927242,
      "ar_10": 0.306517424074577,
      "ar_100": 0.4085364663881683,
      "ar_small": 0.31530268773263503,
      "ar_medium": 0.5366226481061507,
      "ar_large": 0.6759637194915746
    },
    "2": {
      "name": "people",
      "ap_50_95": 0.25224693939696263,
      "ap_50": 0.4294888624942396,
      "ap_75": 0.2493437509305837,
      "ap_small": 0.16438980750275747,
      "ap_medium": 0.35582943705913794,
      "ap_large": 0.4805458470589834,
      "ar_1": 0.10613020231927242,
      "ar_10": 0.306517424074577,
      "ar_100": 0.4085364663881683,
      "ar_small": 0.31530268773263503,
      "ar_medium": 0.5366226481061507,
      "ar_large": 0.6759637194915746
    },
    "3": {
      "name": "bicycle",
      "ap_50_95": 0.25224693939696263,
      "ap_50": 0.4294888624942396,
      "ap_75": 0.2493437509305837,
      "ap_small": 0.16438980750275747,
      "ap_medium": 0.35582943705913794,
      "ap_large": 0.4805458470589834,
      "ar_1": 0.10613020231927242,
      "ar_10": 0.306517424074577,
      "ar_100": 0.4085364663881683,
      "ar_small": 0.31530268773263503,
      "ar_medium": 0.5366226481061507,
      "ar_large": 0.6759637194915746
    },
    "4": {
      "name": "car",
      "ap_50_95": 0.25224693939696263,
      "ap_50": 0.4294888624942396,
      "ap_75": 0.2493437509305837,
      "ap_small": 0.16438980750275747,
      "ap_medium": 0.35582943705913794,
      "ap_large": 0.4805458470589834,
      "ar_1": 0.10613020231927242,
      "ar_10": 0.306517424074577,
      "ar_100": 0.4085364663881683,
      "ar_small": 0.31530268773263503,
      "ar_medium": 0.5366226481061507,
      "ar_large": 0.6759637194915746
    },
    "5": {
      "name": "van",
      "ap_50_95": 0.25224693939696263,
      "ap_50": 0.4294888624942396,
      "ap_75": 0.2493437509305837,
      "ap_small": 0.16438980750275747,
      "ap_medium": 0.35582943705913794,
      "ap_large": 0.4805458470589834,
      "ar_1": 0.10613020231927242,
      "ar_10": 0.306517424074577,
      "ar_100": 0.4085364663881683,
      "ar_small": 0.31530268773263503,
      "ar_medium": 0.5366226481061507,
      "ar_large": 0.6759637194915746
    },
    "6": {
      "name": "truck",
      "ap_50_95": 0.25224693939696263,
      "ap_50": 0.4294888624942396,
      "ap_75": 0.2493437509305837,
      "ap_small": 0.16438980750275747,
      "ap_medium": 0.35582943705913794,
      "ap_large": 0.4805458470589834,
      "ar_1": 0.10613020231927242,
      "ar_10": 0.306517424074577,
      "ar_100": 0.4085364663881683,
      "ar_small": 0.31530268773263503,
      "ar_medium": 0.5366226481061507,
      "ar_large": 0.6759637194915746
    },
    "7": {
      "name": "tricycle",
      "ap_50_95": 0.25224693939696263,
      "ap_50": 0.4294888624942396,
      "ap_75": 0.2493437509305837,
      "ap_small": 0.16438980750275747,
      "ap_medium": 0.35582943705913794,
      "ap_large": 0.4805458470589834,
      "ar_1": 0.10613020231927242,
      "ar_10": 0.306517424074577,
      "ar_100": 0.4085364663881683,
      "ar_small": 0.31530268773263503,
      "ar_medium": 0.5366226481061507,
      "ar_large": 0.6759637194915746
    },
    "8": {
      "name": "awning-tricycle",
      "ap_50_95": 0.25224693939696263,
      "ap_50": 0.4294888624942396,
      "ap_75": 0.2493437509305837,
      "ap_small": 0.16438980750275747,
      "ap_medium": 0.35582943705913794,
      "ap_large": 0.4805458470589834,
      "ar_1": 0.10613020231927242,
      "ar_10": 0.306517424074577,
      "ar_100": 0.4085364663881683,
      "ar_small": 0.31530268773263503,
      "ar_medium": 0.5366226481061507,
      "ar_large": 0.6759637194915746
    },
    "9": {
      "name": "bus",
      "ap_50_95": 0.25224693939696263,
      "ap_50": 0.4294888624942396,
      "ap_75": 0.2493437509305837,
      "ap_small": 0.16438980750275747,
      "ap_medium": 0.35582943705913794,
      "ap_large": 0.4805458470589834,
      "ar_1": 0.10613020231927242,
      "ar_10": 0.306517424074577,
      "ar_100": 0.4085364663881683,
      "ar_small": 0.31530268773263503,
      "ar_medium": 0.5366226481061507,
      "ar_large": 0.6759637194915746
    },
    "10": {
      "name": "motor",
      "ap_50_95": 0.25224693939696263,
      "ap_50": 0.4294888624942396,
      "ap_75": 0.2493437509305837,
      "ap_small": 0.16438980750275747,
      "ap_medium": 0.35582943705913794,
      "ap_large": 0.4805458470589834,
      "ar_1": 0.10613020231927242,
      "ar_10": 0.306517424074577,
      "ar_100": 0.4085364663881683,
      "ar_small": 0.31530268773263503,
      "ar_medium": 0.5366226481061507,
      "ar_large": 0.6759637194915746
    }
  },
  "size_distribution": {
    "counts": {
      "small": 26575,
      "medium": 11116,
      "large": 1068
    },
    "percentages": {
      "small": 68.56472045202405,
      "medium": 28.679790500270908,
      "large": 2.755489047705049
    },
    "avg_areas": {
      "small": 363.68733772342426,
      "medium": 2725.917956099316,
      "large": 17455.64138576779
    }
  },
  "recommendations": [
    "\u26a0  Small object AP is significantly lower than overall AP",
    "\u2713 Strong performance on large objects",
    "\u26a0  Large gap between recall and precision"
  ]
}