{
  "config": "/kaggle/working/RT-DETR_SOD_IMP/rtdetr_pytorch/configs/rtdetr/rtdetr_r18vd_p2.yml",
  "checkpoint": "/kaggle/working/RT-DETR_SOD_IMP/rtdetr_pytorch/output/rtdetr_r18vd_p2/checkpoint0101.pth",
  "epoch": "unknown",
  "overall_metrics": {
    "AP@0.5:0.95": 0.26996401871727654,
    "AP@0.5": 0.44923726535912106,
    "AP@0.75": 0.27346514537612726,
    "AP_small": 0.18507572463963554,
    "AP_medium": 0.36877219351807505,
    "AP_large": 0.48125316795258904,
    "AR@1": 0.11288262235823521,
    "AR@10": 0.32141274691307653,
    "AR@100": 0.42964983451121036,
    "AR_small": 0.3455009785387778,
    "AR_medium": 0.5448542176831316,
    "AR_large": 0.6555876736008486
  },
  "per_class_metrics": {
    "1": {
      "name": "pedestrian",
      "ap_50_95": 0.26996401871727654,
      "ap_50": 0.44923726535912106,
      "ap_75": 0.27346514537612726,
      "ap_small": 0.18507572463963554,
      "ap_medium": 0.36877219351807505,
      "ap_large": 0.48125316795258904,
      "ar_1": 0.11288262235823521,
      "ar_10": 0.32141274691307653,
      "ar_100": 0.42964983451121036,
      "ar_small": 0.3455009785387778,
      "ar_medium": 0.5448542176831316,
      "ar_large": 0.6555876736008486
    },
    "2": {
      "name": "people",
      "ap_50_95": 0.26996401871727654,
      "ap_50": 0.44923726535912106,
      "ap_75": 0.27346514537612726,
      "ap_small": 0.18507572463963554,
      "ap_medium": 0.36877219351807505,
      "ap_large": 0.48125316795258904,
      "ar_1": 0.11288262235823521,
      "ar_10": 0.32141274691307653,
      "ar_100": 0.42964983451121036,
      "ar_small": 0.3455009785387778,
      "ar_medium": 0.5448542176831316,
      "ar_large": 0.6555876736008486
    },
    "3": {
      "name": "bicycle",
      "ap_50_95": 0.26996401871727654,
      "ap_50": 0.44923726535912106,
      "ap_75": 0.27346514537612726,
      "ap_small": 0.18507572463963554,
      "ap_medium": 0.36877219351807505,
      "ap_large": 0.48125316795258904,
      "ar_1": 0.11288262235823521,
      "ar_10": 0.32141274691307653,
      "ar_100": 0.42964983451121036,
      "ar_small": 0.3455009785387778,
      "ar_medium": 0.5448542176831316,
      "ar_large": 0.6555876736008486
    },
    "4": {
      "name": "car",
      "ap_50_95": 0.26996401871727654,
      "ap_50": 0.44923726535912106,
      "ap_75": 0.27346514537612726,
      "ap_small": 0.18507572463963554,
      "ap_medium": 0.36877219351807505,
      "ap_large": 0.48125316795258904,
      "ar_1": 0.11288262235823521,
      "ar_10": 0.32141274691307653,
      "ar_100": 0.42964983451121036,
      "ar_small": 0.3455009785387778,
      "ar_medium": 0.5448542176831316,
      "ar_large": 0.6555876736008486
    },
    "5": {
      "name": "van",
      "ap_50_95": 0.26996401871727654,
      "ap_50": 0.44923726535912106,
      "ap_75": 0.27346514537612726,
      "ap_small": 0.18507572463963554,
      "ap_medium": 0.36877219351807505,
      "ap_large": 0.48125316795258904,
      "ar_1": 0.11288262235823521,
      "ar_10": 0.32141274691307653,
      "ar_100": 0.42964983451121036,
      "ar_small": 0.3455009785387778,
      "ar_medium": 0.5448542176831316,
      "ar_large": 0.6555876736008486
    },
    "6": {
      "name": "truck",
      "ap_50_95": 0.26996401871727654,
      "ap_50": 0.44923726535912106,
      "ap_75": 0.27346514537612726,
      "ap_small": 0.18507572463963554,
      "ap_medium": 0.36877219351807505,
      "ap_large": 0.48125316795258904,
      "ar_1": 0.11288262235823521,
      "ar_10": 0.32141274691307653,
      "ar_100": 0.42964983451121036,
      "ar_small": 0.3455009785387778,
      "ar_medium": 0.5448542176831316,
      "ar_large": 0.6555876736008486
    },
    "7": {
      "name": "tricycle",
      "ap_50_95": 0.26996401871727654,
      "ap_50": 0.44923726535912106,
      "ap_75": 0.27346514537612726,
      "ap_small": 0.18507572463963554,
      "ap_medium": 0.36877219351807505,
      "ap_large": 0.48125316795258904,
      "ar_1": 0.11288262235823521,
      "ar_10": 0.32141274691307653,
      "ar_100": 0.42964983451121036,
      "ar_small": 0.3455009785387778,
      "ar_medium": 0.5448542176831316,
      "ar_large": 0.6555876736008486
    },
    "8": {
      "name": "awning-tricycle",
      "ap_50_95": 0.26996401871727654,
      "ap_50": 0.44923726535912106,
      "ap_75": 0.27346514537612726,
      "ap_small": 0.18507572463963554,
      "ap_medium": 0.36877219351807505,
      "ap_large": 0.48125316795258904,
      "ar_1": 0.11288262235823521,
      "ar_10": 0.32141274691307653,
      "ar_100": 0.42964983451121036,
      "ar_small": 0.3455009785387778,
      "ar_medium": 0.5448542176831316,
      "ar_large": 0.6555876736008486
    },
    "9": {
      "name": "bus",
      "ap_50_95": 0.26996401871727654,
      "ap_50": 0.44923726535912106,
      "ap_75": 0.27346514537612726,
      "ap_small": 0.18507572463963554,
      "ap_medium": 0.36877219351807505,
      "ap_large": 0.48125316795258904,
      "ar_1": 0.11288262235823521,
      "ar_10": 0.32141274691307653,
      "ar_100": 0.42964983451121036,
      "ar_small": 0.3455009785387778,
      "ar_medium": 0.5448542176831316,
      "ar_large": 0.6555876736008486
    },
    "10": {
      "name": "motor",
      "ap_50_95": 0.26996401871727654,
      "ap_50": 0.44923726535912106,
      "ap_75": 0.27346514537612726,
      "ap_small": 0.18507572463963554,
      "ap_medium": 0.36877219351807505,
      "ap_large": 0.48125316795258904,
      "ar_1": 0.11288262235823521,
      "ar_10": 0.32141274691307653,
      "ar_100": 0.42964983451121036,
      "ar_small": 0.3455009785387778,
      "ar_medium": 0.5448542176831316,
      "ar_large": 0.6555876736008486
    }
  },
  "size_distribution": {
    "counts": {
      "small": 26575,
      "medium": 11116,
      "large": 1068
    },
    "percentages": {
      "small": 68.56472045202405,
      "medium": 28.679790500270908,
      "large": 2.755489047705049
    },
    "avg_areas": {
      "small": 363.68733772342426,
      "medium": 2725.917956099316,
      "large": 17455.64138576779
    }
  },
  "recommendations": [
    "\u26a0  Small object AP is significantly lower than overall AP",
    "\u2713 Strong performance on large objects",
    "\u26a0  Large gap between recall and precision"
  ]
}