{
  "config": "/kaggle/working/RT-DETR_SOD_IMP/rtdetr_pytorch/configs/rtdetr/rtdetr_r18vd_p2.yml",
  "checkpoint": "/kaggle/working/RT-DETR_SOD_IMP/rtdetr_pytorch/output/rtdetr_r18vd_p2/checkpoint0101.pth",
  "device": "cuda",
  "total_params": 24870424,
  "trainable_params": 24841912,
  "layer_stats": {
    "backbone": {
      "total_params": 11190112,
      "num_layers": 23
    },
    "encoder": {
      "total_params": 9610752,
      "num_layers": 240
    },
    "decoder": {
      "total_params": 4069560,
      "num_layers": 119
    }
  },
  "flops": {
    "torchinfo_params": 27929240,
    "torchinfo_mult_adds": 50866049188,
    "torchinfo_gflops": 50.866049188
  },
  "memory": {
    "allocated_mb": 108.7841796875,
    "reserved_mb": 516.0,
    "max_allocated_mb": 336.814453125
  },
  "fps_benchmark": {
    "640x640": {
      "latency_mean_ms": 31.184642980078934,
      "latency_std_ms": 0.39514077071883746,
      "latency_min_ms": 30.862616997183068,
      "latency_max_ms": 35.33185400010552,
      "fps_mean": 32.06706585157349,
      "fps_std": 2530.7436592301187
    }
  }
}