{
  "config": "/kaggle/working/RT-DETR_SOD_IMP/rtdetr_pytorch/configs/rtdetr/rtdetr_r18vd_p2_slim_gnconv_reversed.yml",
  "checkpoint": "/kaggle/input/notebooks/sasankabandara14/final-trainin-rt-train-vis-gnconv-slimp2-8-1/RT-DETR_SOD_IMP/rtdetr_pytorch/output/rtdetr_r18vd_p2_slim_gnconv_reversed/checkpoint0101.pth",
  "epoch": "unknown",
  "overall_metrics": {
    "AP@0.5:0.95": 0.24755043384037792,
    "AP@0.5": 0.4213496306058865,
    "AP@0.75": 0.24761552110645332,
    "AP_small": 0.1623970310448611,
    "AP_medium": 0.34895568126803167,
    "AP_large": 0.4496162248810979,
    "AR@1": 0.10677280772874619,
    "AR@10": 0.3006901150808749,
    "AR@100": 0.40341293361677544,
    "AR_small": 0.31416584806612524,
    "AR_medium": 0.5249348225144526,
    "AR_large": 0.6712951622597833
  },
  "per_class_metrics": {
    "1": {
      "name": "pedestrian",
      "ap_50_95": 0.24755043384037792,
      "ap_50": 0.4213496306058865,
      "ap_75": 0.24761552110645332,
      "ap_small": 0.1623970310448611,
      "ap_medium": 0.34895568126803167,
      "ap_large": 0.4496162248810979,
      "ar_1": 0.10677280772874619,
      "ar_10": 0.3006901150808749,
      "ar_100": 0.40341293361677544,
      "ar_small": 0.31416584806612524,
      "ar_medium": 0.5249348225144526,
      "ar_large": 0.6712951622597833
    },
    "2": {
      "name": "people",
      "ap_50_95": 0.24755043384037792,
      "ap_50": 0.4213496306058865,
      "ap_75": 0.24761552110645332,
      "ap_small": 0.1623970310448611,
      "ap_medium": 0.34895568126803167,
      "ap_large": 0.4496162248810979,
      "ar_1": 0.10677280772874619,
      "ar_10": 0.3006901150808749,
      "ar_100": 0.40341293361677544,
      "ar_small": 0.31416584806612524,
      "ar_medium": 0.5249348225144526,
      "ar_large": 0.6712951622597833
    },
    "3": {
      "name": "bicycle",
      "ap_50_95": 0.24755043384037792,
      "ap_50": 0.4213496306058865,
      "ap_75": 0.24761552110645332,
      "ap_small": 0.1623970310448611,
      "ap_medium": 0.34895568126803167,
      "ap_large": 0.4496162248810979,
      "ar_1": 0.10677280772874619,
      "ar_10": 0.3006901150808749,
      "ar_100": 0.40341293361677544,
      "ar_small": 0.31416584806612524,
      "ar_medium": 0.5249348225144526,
      "ar_large": 0.6712951622597833
    },
    "4": {
      "name": "car",
      "ap_50_95": 0.24755043384037792,
      "ap_50": 0.4213496306058865,
      "ap_75": 0.24761552110645332,
      "ap_small": 0.1623970310448611,
      "ap_medium": 0.34895568126803167,
      "ap_large": 0.4496162248810979,
      "ar_1": 0.10677280772874619,
      "ar_10": 0.3006901150808749,
      "ar_100": 0.40341293361677544,
      "ar_small": 0.31416584806612524,
      "ar_medium": 0.5249348225144526,
      "ar_large": 0.6712951622597833
    },
    "5": {
      "name": "van",
      "ap_50_95": 0.24755043384037792,
      "ap_50": 0.4213496306058865,
      "ap_75": 0.24761552110645332,
      "ap_small": 0.1623970310448611,
      "ap_medium": 0.34895568126803167,
      "ap_large": 0.4496162248810979,
      "ar_1": 0.10677280772874619,
      "ar_10": 0.3006901150808749,
      "ar_100": 0.40341293361677544,
      "ar_small": 0.31416584806612524,
      "ar_medium": 0.5249348225144526,
      "ar_large": 0.6712951622597833
    },
    "6": {
      "name": "truck",
      "ap_50_95": 0.24755043384037792,
      "ap_50": 0.4213496306058865,
      "ap_75": 0.24761552110645332,
      "ap_small": 0.1623970310448611,
      "ap_medium": 0.34895568126803167,
      "ap_large": 0.4496162248810979,
      "ar_1": 0.10677280772874619,
      "ar_10": 0.3006901150808749,
      "ar_100": 0.40341293361677544,
      "ar_small": 0.31416584806612524,
      "ar_medium": 0.5249348225144526,
      "ar_large": 0.6712951622597833
    },
    "7": {
      "name": "tricycle",
      "ap_50_95": 0.24755043384037792,
      "ap_50": 0.4213496306058865,
      "ap_75": 0.24761552110645332,
      "ap_small": 0.1623970310448611,
      "ap_medium": 0.34895568126803167,
      "ap_large": 0.4496162248810979,
      "ar_1": 0.10677280772874619,
      "ar_10": 0.3006901150808749,
      "ar_100": 0.40341293361677544,
      "ar_small": 0.31416584806612524,
      "ar_medium": 0.5249348225144526,
      "ar_large": 0.6712951622597833
    },
    "8": {
      "name": "awning-tricycle",
      "ap_50_95": 0.24755043384037792,
      "ap_50": 0.4213496306058865,
      "ap_75": 0.24761552110645332,
      "ap_small": 0.1623970310448611,
      "ap_medium": 0.34895568126803167,
      "ap_large": 0.4496162248810979,
      "ar_1": 0.10677280772874619,
      "ar_10": 0.3006901150808749,
      "ar_100": 0.40341293361677544,
      "ar_small": 0.31416584806612524,
      "ar_medium": 0.5249348225144526,
      "ar_large": 0.6712951622597833
    },
    "9": {
      "name": "bus",
      "ap_50_95": 0.24755043384037792,
      "ap_50": 0.4213496306058865,
      "ap_75": 0.24761552110645332,
      "ap_small": 0.1623970310448611,
      "ap_medium": 0.34895568126803167,
      "ap_large": 0.4496162248810979,
      "ar_1": 0.10677280772874619,
      "ar_10": 0.3006901150808749,
      "ar_100": 0.40341293361677544,
      "ar_small": 0.31416584806612524,
      "ar_medium": 0.5249348225144526,
      "ar_large": 0.6712951622597833
    },
    "10": {
      "name": "motor",
      "ap_50_95": 0.24755043384037792,
      "ap_50": 0.4213496306058865,
      "ap_75": 0.24761552110645332,
      "ap_small": 0.1623970310448611,
      "ap_medium": 0.34895568126803167,
      "ap_large": 0.4496162248810979,
      "ar_1": 0.10677280772874619,
      "ar_10": 0.3006901150808749,
      "ar_100": 0.40341293361677544,
      "ar_small": 0.31416584806612524,
      "ar_medium": 0.5249348225144526,
      "ar_large": 0.6712951622597833
    }
  },
  "size_distribution": {
    "counts": {
      "small": 26575,
      "medium": 11116,
      "large": 1068
    },
    "percentages": {
      "small": 68.56472045202405,
      "medium": 28.679790500270908,
      "large": 2.755489047705049
    },
    "avg_areas": {
      "small": 363.68733772342426,
      "medium": 2725.917956099316,
      "large": 17455.64138576779
    }
  },
  "recommendations": [
    "\u26a0  Small object AP is significantly lower than overall AP",
    "\u2713 Strong performance on large objects",
    "\u26a0  Large gap between recall and precision"
  ]
}